image_id,file_name,date_day,fold
030302-20171025133730Ch,20171025133730Ch.jpeg,20171025,2
030302-20111107063154Uh,20111107063154Uh.jpeg,20111107,4
020401-20130219063134Lh,20130219063134Lh.jpeg,20130219,3
050202-20140908231334Lh,20140908231334Lh.jpeg,20140908,0
010403-20140205180154Bh,20140205180154Bh.jpeg,20140205,1
010203-20120910074014Th,20120910074014Th.jpeg,20120910,2
040301-20131113004514Mh,20131113004514Mh.jpeg,20131113,0
060403-20110123174914Mh,20110123174914Mh.jpeg,20110123,0
040201-20111019063154Uh,20111019063154Uh.jpeg,20111019,4
010203-20211225025850Uh,20211225025850Uh.jpeg,20211225,1
010403-20210626060050Uh,20210626060050Uh.jpeg,20210626,1
020101-20120827085114Th,20120827085114Th.jpeg,20120827,1
050303-20190926165810Mh,20190926165810Mh.jpeg,20190926,2
010202-20171103222630Lh,20171103222630Lh.jpeg,20171103,1
040102-20140607112354Uh,20140607112354Uh.jpeg,20140607,4
010402-20160430133714Th,20160430133714Th.jpeg,20160430,1
040401-20141010195834Ch,20141010195834Ch.jpeg,20141010,1
010302-20131125192154Bh,20131125192154Bh.jpeg,20131125,2
050202-20150621161314Mh,20150621161314Mh.jpeg,20150621,2
050302-20170102024454Uh,20170102024454Uh.jpeg,20170102,0
020101-20151106171514Mh,20151106171514Mh.jpeg,20151106,4
040102-20141024195834Ch,20141024195834Ch.jpeg,20141024,2
030101-20141116222234Lh,20141116222234Lh.jpeg,20141116,1
040401-20160629133714Th,20160629133714Th.jpeg,20160629,1
010102-20190626025430Lh,20190626025430Lh.jpeg,20190626,3
010301-20180805232510Mh,20180805232510Mh.jpeg,20180805,1
030101-20160317232434Lh,20160317232434Lh.jpeg,20160317,3
010401-20160810234034Lh,20160810234034Lh.jpeg,20160810,2
030401-20170925225630Lh,20170925225630Lh.jpeg,20170925,0
050302-20170503013050Uh,20170503013050Uh.jpeg,20170503,2
030101-20150501120634Ch,20150501120634Ch.jpeg,20150501,0
030101-20110623063134Lh,20110623063134Lh.jpeg,20110623,3
030101-20120403083114Th,20120403083114Th.jpeg,20120403,0
030302-20140921195854Bh,20140921195854Bh.jpeg,20140921,3
050103-20130305112734Ch,20130305112734Ch.jpeg,20130305,0
010201-20170502233130Lh,20170502233130Lh.jpeg,20170502,3
060102-20150207084414Th,20150207084414Th.jpeg,20150207,0
010401-20111009110234Ch,20111009110234Ch.jpeg,20111009,2
060102-20130423072414Th,20130423072414Th.jpeg,20130423,2
050102-20130218220314Mh,20130218220314Mh.jpeg,20130218,1
040102-20180710031950Uh,20180710031950Uh.jpeg,20180710,2
010203-20170310133730Ch,20170310133730Ch.jpeg,20170310,0
030101-20150130084914Th,20150130084914Th.jpeg,20150130,1
020101-20160201025254Uh,20160201025254Uh.jpeg,20160201,3
030401-20211231223430Lh,20211231223430Lh.jpeg,20211231,0
010401-20120519070814Th,20120519070814Th.jpeg,20120519,0
040102-20170702133730Ch,20170702133730Ch.jpeg,20170702,2
020403-20140212024554Uh,20140212024554Uh.jpeg,20140212,1
060102-20130419070254Uh,20130419070254Uh.jpeg,20130419,1
020403-20141013195834Ch,20141013195834Ch.jpeg,20141013,3
020101-20161013133734Ch,20161013133734Ch.jpeg,20161013,4
050102-20160310133734Ch,20160310133734Ch.jpeg,20160310,0
030101-20150719182314Mh,20150719182314Mh.jpeg,20150719,4
010403-20120913165314Mh,20120913165314Mh.jpeg,20120913,1
030101-20130111104734Ch,20130111104734Ch.jpeg,20130111,0
040301-20180109223930Lh,20180109223930Lh.jpeg,20180109,1
010102-20110220082634Lh,20110220082634Lh.jpeg,20110220,3
010103-20180825205030Ch,20180825205030Ch.jpeg,20180825,3
060102-20170316133730Ch,20170316133730Ch.jpeg,20170316,0
010302-20151213023454Uh,20151213023454Uh.jpeg,20151213,0
050202-20130616070414Th,20130616070414Th.jpeg,20130616,0
010403-20130319144654Bh,20130319144654Bh.jpeg,20130319,4
010302-20111223085314Th,20111223085314Th.jpeg,20111223,0
010303-20160204133734Ch,20160204133734Ch.jpeg,20160204,2
060403-20180923112330Ch,20180923112330Ch.jpeg,20180923,4
030401-20140922195854Bh,20140922195854Bh.jpeg,20140922,2
040302-20210329015250Uh,20210329015250Uh.jpeg,20210329,4
030101-20110601063134Lh,20110601063134Lh.jpeg,20110601,4
040102-20130214111534Ch,20130214111534Ch.jpeg,20130214,2
010101-20161224024154Uh,20161224024154Uh.jpeg,20161224,2
010401-20131011195414Mh,20131011195414Mh.jpeg,20131011,1
060403-20160107133714Th,20160107133714Th.jpeg,20160107,3
050202-20110425063154Uh,20110425063154Uh.jpeg,20110425,3
010203-20161110151454Bh,20161110151454Bh.jpeg,20161110,3
050303-20110810063134Lh,20110810063134Lh.jpeg,20110810,0
040401-20170805133710Th,20170805133710Th.jpeg,20170805,2
010403-20130429063154Uh,20130429063154Uh.jpeg,20130429,0
010202-20170329133730Ch,20170329133730Ch.jpeg,20170329,1
040301-20140508195834Ch,20140508195834Ch.jpeg,20140508,1
010101-20160606163514Mh,20160606163514Mh.jpeg,20160606,1
030302-20120103104134Ch,20120103104134Ch.jpeg,20120103,1
010102-20171101133730Ch,20171101133730Ch.jpeg,20171101,2
030302-20130324015554Uh,20130324015554Uh.jpeg,20130324,2
050202-20151116224034Lh,20151116224034Lh.jpeg,20151116,4
060403-20110615133454Bh,20110615133454Bh.jpeg,20110615,3
020101-20131116185334Ch,20131116185334Ch.jpeg,20131116,0
010303-20170415145450Bh,20170415145450Bh.jpeg,20170415,3
010201-20130717123434Ch,20130717123434Ch.jpeg,20130717,1
010402-20120802090314Th,20120802090314Th.jpeg,20120802,1
040201-20140601195814Mh,20140601195814Mh.jpeg,20140601,4
050103-20120715123434Ch,20120715123434Ch.jpeg,20120715,3
040102-20150119082034Lh,20150119082034Lh.jpeg,20150119,4
020101-20160309172214Mh,20160309172214Mh.jpeg,20160309,1
010101-20180309000910Mh,20180309000910Mh.jpeg,20180309,4
040301-20151128133734Ch,20151128133734Ch.jpeg,20151128,0
010302-20130809072814Th,20130809072814Th.jpeg,20130809,3
040301-20120328164614Mh,20120328164614Mh.jpeg,20120328,1
040102-20120726071914Th,20120726071914Th.jpeg,20120726,4
010202-20190611032810Mh,20190611032810Mh.jpeg,20190611,4
010403-20130303063154Uh,20130303063154Uh.jpeg,20130303,0
040301-20120414175914Mh,20120414175914Mh.jpeg,20120414,3
010401-20110215083814Th,20110215083814Th.jpeg,20110215,1
050102-20141214201834Ch,20141214201834Ch.jpeg,20141214,3
040201-20130705161714Mh,20130705161714Mh.jpeg,20130705,3
010403-20120404063154Uh,20120404063154Uh.jpeg,20120404,4
010102-20111029063154Uh,20111029063154Uh.jpeg,20111029,1
010403-20130517063134Lh,20130517063134Lh.jpeg,20130517,0
050103-20130719140154Bh,20130719140154Bh.jpeg,20130719,2
010101-20161222133714Th,20161222133714Th.jpeg,20161222,2
040301-20210626133950Bh,20210626133950Bh.jpeg,20210626,1
010101-20130811140254Bh,20130811140254Bh.jpeg,20130811,0
030101-20160411134234Ch,20160411134234Ch.jpeg,20160411,1
030101-20210815140550Bh,20210815140550Bh.jpeg,20210815,3
040102-20140802072114Th,20140802072114Th.jpeg,20140802,2
010101-20130425135954Bh,20130425135954Bh.jpeg,20130425,3
060403-20180301050430Lh,20180301050430Lh.jpeg,20180301,3
010201-20131224192154Bh,20131224192154Bh.jpeg,20131224,1
010203-20160223173514Mh,20160223173514Mh.jpeg,20160223,4
020101-20201022223330Lh,20201022223330Lh.jpeg,20201022,0
030101-20130725122934Ch,20130725122934Ch.jpeg,20130725,3
020401-20150706083014Th,20150706083014Th.jpeg,20150706,2
040401-20150314081954Uh,20150314081954Uh.jpeg,20150314,2
040302-20120914063134Lh,20120914063134Lh.jpeg,20120914,0
020101-20180925000030Lh,20180925000030Lh.jpeg,20180925,2
010103-20121109103634Ch,20121109103634Ch.jpeg,20121109,4
010401-20150825082034Lh,20150825082034Lh.jpeg,20150825,0
010402-20140509071314Th,20140509071314Th.jpeg,20140509,0
010101-20171008144250Bh,20171008144250Bh.jpeg,20171008,2
010301-20151119133734Ch,20151119133734Ch.jpeg,20151119,2
010203-20161105222634Lh,20161105222634Lh.jpeg,20161105,2
020401-20170425133730Ch,20170425133730Ch.jpeg,20170425,0
010103-20150927111834Ch,20150927111834Ch.jpeg,20150927,3
060102-20110326170914Mh,20110326170914Mh.jpeg,20110326,0
030302-20170408133710Th,20170408133710Th.jpeg,20170408,4
010401-20210223222830Ch,20210223222830Ch.jpeg,20210223,4
010202-20140111224134Lh,20140111224134Lh.jpeg,20140111,3
020403-20111112193254Bh,20111112193254Bh.jpeg,20111112,1
010201-20170726235030Lh,20170726235030Lh.jpeg,20170726,4
040401-20130824060834Lh,20130824060834Lh.jpeg,20130824,1
010101-20131025185414Mh,20131025185414Mh.jpeg,20131025,2
010102-20131128192214Mh,20131128192214Mh.jpeg,20131128,2
010401-20150308081954Uh,20150308081954Uh.jpeg,20150308,3
060403-20111226155454Bh,20111226155454Bh.jpeg,20111226,0
040401-20170806133710Th,20170806133710Th.jpeg,20170806,4
010101-20110625163814Mh,20110625163814Mh.jpeg,20110625,2
030101-20160609133654Bh,20160609133654Bh.jpeg,20160609,1
010401-20150125172714Mh,20150125172714Mh.jpeg,20150125,3
010202-20130903141654Bh,20130903141654Bh.jpeg,20130903,3
010403-20170927143450Bh,20170927143450Bh.jpeg,20170927,4
040301-20151226133734Ch,20151226133734Ch.jpeg,20151226,2
060102-20201228202430Ch,20201228202430Ch.jpeg,20201228,3
030302-20160125154854Bh,20160125154854Bh.jpeg,20160125,1
050102-20110429135554Bh,20110429135554Bh.jpeg,20110429,2
050202-20121219063154Uh,20121219063154Uh.jpeg,20121219,4
040301-20161012133734Ch,20161012133734Ch.jpeg,20161012,0
060403-20150113155654Bh,20150113155654Bh.jpeg,20150113,3
060403-20141225172214Mh,20141225172214Mh.jpeg,20141225,3
060403-20130707134154Bh,20130707134154Bh.jpeg,20130707,4
060403-20170125133734Ch,20170125133734Ch.jpeg,20170125,4
010403-20140216230134Lh,20140216230134Lh.jpeg,20140216,0
020401-20150720082014Th,20150720082014Th.jpeg,20150720,3
010401-20170804140650Bh,20170804140650Bh.jpeg,20170804,1
010401-20161205133714Th,20161205133714Th.jpeg,20161205,0
040102-20161201160954Bh,20161201160954Bh.jpeg,20161201,1
050102-20160101133714Th,20160101133714Th.jpeg,20160101,0
040401-20131108045254Uh,20131108045254Uh.jpeg,20131108,4
020101-20200105073250Uh,20200105073250Uh.jpeg,20200105,0
010102-20200110073230Lh,20200110073230Lh.jpeg,20200110,4
040102-20150225171114Mh,20150225171114Mh.jpeg,20150225,2
010101-20110918112834Ch,20110918112834Ch.jpeg,20110918,0
010402-20130925143254Bh,20130925143254Bh.jpeg,20130925,3
050202-20120213063134Lh,20120213063134Lh.jpeg,20120213,1
020101-20190927165910Mh,20190927165910Mh.jpeg,20190927,1
010403-20110306082634Lh,20110306082634Lh.jpeg,20110306,0
040401-20160927133734Ch,20160927133734Ch.jpeg,20160927,4
040102-20150315082034Lh,20150315082034Lh.jpeg,20150315,0
010202-20121024164714Mh,20121024164714Mh.jpeg,20121024,1
030302-20151128222134Lh,20151128222134Lh.jpeg,20151128,0
010102-20141027025054Uh,20141027025054Uh.jpeg,20141027,3
020101-20170701235630Lh,20170701235630Lh.jpeg,20170701,0
010103-20110914063134Lh,20110914063134Lh.jpeg,20110914,4
040102-20160129225334Lh,20160129225334Lh.jpeg,20160129,4
040201-20210814044930Lh,20210814044930Lh.jpeg,20210814,2
030302-20140615195814Mh,20140615195814Mh.jpeg,20140615,2
040401-20120627162114Mh,20120627162114Mh.jpeg,20120627,1
010101-20170107133714Th,20170107133714Th.jpeg,20170107,3
040301-20130828141354Bh,20130828141354Bh.jpeg,20130828,2
030101-20130615002434Lh,20130615002434Lh.jpeg,20130615,4
050202-20150913082014Th,20150913082014Th.jpeg,20150913,3
010402-20131027025654Uh,20131027025654Uh.jpeg,20131027,4
020401-20110205082634Lh,20110205082634Lh.jpeg,20110205,2
010402-20150423120034Ch,20150423120034Ch.jpeg,20150423,4
040102-20111214063134Lh,20111214063134Lh.jpeg,20111214,0
010203-20130807073114Th,20130807073114Th.jpeg,20130807,2
050202-20150327145114Th,20150327145114Th.jpeg,20150327,2
010303-20180926014350Uh,20180926014350Uh.jpeg,20180926,1
010201-20120729122634Ch,20120729122634Ch.jpeg,20120729,3
040401-20140522070614Th,20140522070614Th.jpeg,20140522,1
010102-20171011170310Mh,20171011170310Mh.jpeg,20171011,4
010403-20150614162514Mh,20150614162514Mh.jpeg,20150614,1
010402-20150625082034Lh,20150625082034Lh.jpeg,20150625,1
060102-20220724185352Mh,20220724185352Mh.jpeg,20220724,3
030101-20140719071414Th,20140719071414Th.jpeg,20140719,3
040301-20111201063154Uh,20111201063154Uh.jpeg,20111201,0
050102-20150116082034Lh,20150116082034Lh.jpeg,20150116,0
010101-20110327143554Bh,20110327143554Bh.jpeg,20110327,2
060102-20140122180214Mh,20140122180214Mh.jpeg,20140122,0
040301-20131130192134Ch,20131130192134Ch.jpeg,20131130,1
030302-20150302082034Lh,20150302082034Lh.jpeg,20150302,0
010202-20210201020330Lh,20210201020330Lh.jpeg,20210201,1
030401-20130407063154Uh,20130407063154Uh.jpeg,20130407,4
060102-20210329114430Ch,20210329114430Ch.jpeg,20210329,4
020401-20200114073230Lh,20200114073230Lh.jpeg,20200114,2
060403-20120813164714Mh,20120813164714Mh.jpeg,20120813,3
010303-20210624133950Bh,20210624133950Bh.jpeg,20210624,4
050202-20120127085214Th,20120127085214Th.jpeg,20120127,4
050303-20150305081954Uh,20150305081954Uh.jpeg,20150305,4
010101-20150806082034Lh,20150806082034Lh.jpeg,20150806,0
010202-20140414020354Uh,20140414020354Uh.jpeg,20140414,3
010301-20121027063134Lh,20121027063134Lh.jpeg,20121027,2
040102-20141007224934Lh,20141007224934Lh.jpeg,20141007,4
010403-20131007075314Th,20131007075314Th.jpeg,20131007,2
050303-20150620082014Th,20150620082014Th.jpeg,20150620,3
020403-20171022170710Mh,20171022170710Mh.jpeg,20171022,0
010403-20160225173314Mh,20160225173314Mh.jpeg,20160225,3
050102-20120816072814Th,20120816072814Th.jpeg,20120816,2
060102-20140818195814Mh,20140818195814Mh.jpeg,20140818,3
010402-20110803164914Mh,20110803164914Mh.jpeg,20110803,1
040401-20120414115434Ch,20120414115434Ch.jpeg,20120414,3
030101-20160408232234Lh,20160408232234Lh.jpeg,20160408,2
040401-20220618185332Bh,20220618185332Bh.jpeg,20220618,4
060403-20150409081954Uh,20150409081954Uh.jpeg,20150409,0
050103-20120810121634Ch,20120810121634Ch.jpeg,20120810,0
010102-20141210201814Mh,20141210201814Mh.jpeg,20141210,4
040402-20190805054730Lh,20190805054730Lh.jpeg,20190805,4
020103-20150330081954Uh,20150330081954Uh.jpeg,20150330,1
020401-20120318063154Uh,20120318063154Uh.jpeg,20120318,0
050202-20131013185334Ch,20131013185334Ch.jpeg,20131013,0
050102-20130107174854Bh,20130107174854Bh.jpeg,20130107,3
030403-20120907141954Bh,20120907141954Bh.jpeg,20120907,3
030302-20150625082014Th,20150625082014Th.jpeg,20150625,1
010102-20120330063134Lh,20120330063134Lh.jpeg,20120330,1
010101-20131006075314Th,20131006075314Th.jpeg,20131006,3
040302-20140807195854Bh,20140807195854Bh.jpeg,20140807,3
010402-20131107043054Uh,20131107043054Uh.jpeg,20131107,4
050303-20141001195834Ch,20141001195834Ch.jpeg,20141001,0
060403-20110313082654Uh,20110313082654Uh.jpeg,20110313,3
040401-20120421063154Uh,20120421063154Uh.jpeg,20120421,3
010401-20150325015554Uh,20150325015554Uh.jpeg,20150325,3
010403-20110923165814Mh,20110923165814Mh.jpeg,20110923,1
050303-20160925225634Lh,20160925225634Lh.jpeg,20160925,3
030101-20110902073614Th,20110902073614Th.jpeg,20110902,0
010302-20170831170750Bh,20170831170750Bh.jpeg,20170831,1
010102-20160703133714Th,20160703133714Th.jpeg,20160703,0
020101-20110619063134Lh,20110619063134Lh.jpeg,20110619,0
010202-20180112130330Ch,20180112130330Ch.jpeg,20180112,1
030302-20151011144554Bh,20151011144554Bh.jpeg,20151011,0
020101-20151212171154Bh,20151212171154Bh.jpeg,20151212,0
030101-20210103223630Lh,20210103223630Lh.jpeg,20210103,2
010201-20120917142654Bh,20120917142654Bh.jpeg,20120917,4
050202-20171005144050Bh,20171005144050Bh.jpeg,20171005,1
020401-20130314165714Mh,20130314165714Mh.jpeg,20130314,4
060102-20180827232530Lh,20180827232530Lh.jpeg,20180827,0
010102-20170418013450Uh,20170418013450Uh.jpeg,20170418,2
030101-20130225171214Mh,20130225171214Mh.jpeg,20130225,4
020401-20141225024354Uh,20141225024354Uh.jpeg,20141225,3
010102-20170218173710Mh,20170218173710Mh.jpeg,20170218,2
010202-20170719235330Lh,20170719235330Lh.jpeg,20170719,1
040102-20110824141054Bh,20110824141054Bh.jpeg,20110824,2
040401-20110728084714Th,20110728084714Th.jpeg,20110728,2
010301-20160315133714Th,20160315133714Th.jpeg,20160315,4
010402-20201227202710Mh,20201227202710Mh.jpeg,20201227,4
050103-20181101230010Mh,20181101230010Mh.jpeg,20181101,1
040401-20160619133714Th,20160619133714Th.jpeg,20160619,4
040102-20151118172314Mh,20151118172314Mh.jpeg,20151118,1
020101-20210812044930Lh,20210812044930Lh.jpeg,20210812,1
020101-20131020080114Th,20131020080114Th.jpeg,20131020,1
010403-20160403170114Mh,20160403170114Mh.jpeg,20160403,3
050302-20190317145150Bh,20190317145150Bh.jpeg,20190317,3
010401-20160213153054Bh,20160213153054Bh.jpeg,20160213,1
050103-20140414195834Ch,20140414195834Ch.jpeg,20140414,3
010403-20190412025430Lh,20190412025430Lh.jpeg,20190412,2
010102-20151117172314Mh,20151117172314Mh.jpeg,20151117,2
020101-20130905073714Th,20130905073714Th.jpeg,20130905,2
040401-20150627133754Bh,20150627133754Bh.jpeg,20150627,2
010203-20211229120210Th,20211229120210Th.jpeg,20211229,4
010403-20110410141654Bh,20110410141654Bh.jpeg,20110410,0
040102-20220803074752Th,20220803074752Th.jpeg,20220803,1
030302-20140501195814Mh,20140501195814Mh.jpeg,20140501,2
010401-20170119031254Uh,20170119031254Uh.jpeg,20170119,1
030403-20140723071614Th,20140723071614Th.jpeg,20140723,1
010202-20141004075414Th,20141004075414Th.jpeg,20141004,4
060403-20110523063154Uh,20110523063154Uh.jpeg,20110523,4
010402-20160920230134Lh,20160920230134Lh.jpeg,20160920,0
010102-20130903060834Lh,20130903060834Lh.jpeg,20130903,3
060403-20140411013854Uh,20140411013854Uh.jpeg,20140411,4
020101-20140908175354Bh,20140908175354Bh.jpeg,20140908,0
010403-20141112195854Bh,20141112195854Bh.jpeg,20141112,2
040401-20130901073614Th,20130901073614Th.jpeg,20130901,3
010402-20160229151254Bh,20160229151254Bh.jpeg,20160229,2
040303-20140218230234Lh,20140218230234Lh.jpeg,20140218,4
020101-20150820152254Bh,20150820152254Bh.jpeg,20150820,1
010203-20141022223334Lh,20141022223334Lh.jpeg,20141022,2
060403-20141012195854Bh,20141012195854Bh.jpeg,20141012,1
040401-20121018063134Lh,20121018063134Lh.jpeg,20121018,4
030302-20130609173414Mh,20130609173414Mh.jpeg,20130609,3
040201-20171014133730Ch,20171014133730Ch.jpeg,20171014,1
050303-20121208171514Mh,20121208171514Mh.jpeg,20121208,1
060403-20140927014554Uh,20140927014554Uh.jpeg,20140927,1
010101-20140513012554Uh,20140513012554Uh.jpeg,20140513,0
010202-20140428233234Lh,20140428233234Lh.jpeg,20140428,4
010403-20141006224634Lh,20141006224634Lh.jpeg,20141006,3
030302-20170619012150Uh,20170619012150Uh.jpeg,20170619,3
040401-20131115185414Mh,20131115185414Mh.jpeg,20131115,3
060102-20210721123430Ch,20210721123430Ch.jpeg,20210721,3
020101-20170801164710Mh,20170801164710Mh.jpeg,20170801,2
040301-20150222090014Th,20150222090014Th.jpeg,20150222,1
010102-20140312081114Th,20140312081114Th.jpeg,20140312,1
020101-20170411013550Uh,20170411013550Uh.jpeg,20170411,4
050303-20151209201754Bh,20151209201754Bh.jpeg,20151209,4
020403-20131101222734Lh,20131101222734Lh.jpeg,20131101,0
030302-20190629163710Mh,20190629163710Mh.jpeg,20190629,2
010401-20140413195914Mh,20140413195914Mh.jpeg,20140413,1
030101-20140720195834Ch,20140720195834Ch.jpeg,20140720,2
040102-20211229120130Ch,20211229120130Ch.jpeg,20211229,4
060403-20110621063134Lh,20110621063134Lh.jpeg,20110621,4
050102-20160617133654Bh,20160617133654Bh.jpeg,20160617,0
020401-20120225172914Mh,20120225172914Mh.jpeg,20120225,3
010102-20170103030554Uh,20170103030554Uh.jpeg,20170103,0
010102-20150626161514Mh,20150626161514Mh.jpeg,20150626,0
050103-20220622205632Bh,20220622205632Bh.jpeg,20220622,3
010102-20120427063154Uh,20120427063154Uh.jpeg,20120427,2
050302-20130808140054Bh,20130808140054Bh.jpeg,20130808,1
040102-20210731074710Th,20210731074710Th.jpeg,20210731,1
010202-20110823120334Ch,20110823120334Ch.jpeg,20110823,3
010301-20120803102114Th,20120803102114Th.jpeg,20120803,4
020403-20150617161314Mh,20150617161314Mh.jpeg,20150617,4
040201-20140420085614Th,20140420085614Th.jpeg,20140420,0
060403-20151116201114Mh,20151116201114Mh.jpeg,20151116,4
010102-20131109222434Lh,20131109222434Lh.jpeg,20131109,2
030401-20150727082014Th,20150727082014Th.jpeg,20150727,3
040102-20121207103034Ch,20121207103034Ch.jpeg,20121207,2
040401-20211119103130Ch,20211119103130Ch.jpeg,20211119,3
040401-20140716195854Bh,20140716195854Bh.jpeg,20140716,4
010402-20180306081810Th,20180306081810Th.jpeg,20180306,2
040201-20160808133714Th,20160808133714Th.jpeg,20160808,4
030101-20130926060834Lh,20130926060834Lh.jpeg,20130926,3
020101-20160518011654Uh,20160518011654Uh.jpeg,20160518,2
010101-20150527161214Mh,20150527161214Mh.jpeg,20150527,3
010202-20171004143950Bh,20171004143950Bh.jpeg,20171004,3
010403-20220721185332Bh,20220721185332Bh.jpeg,20220721,0
060403-20160110133714Th,20160110133714Th.jpeg,20160110,2
020401-20120217181154Bh,20120217181154Bh.jpeg,20120217,4
010101-20140813064254Uh,20140813064254Uh.jpeg,20140813,2
010301-20181024232430Lh,20181024232430Lh.jpeg,20181024,0
010103-20140112180134Ch,20140112180134Ch.jpeg,20140112,2
030101-20131031185614Mh,20131031185614Mh.jpeg,20131031,1
030302-20171121222130Lh,20171121222130Lh.jpeg,20171121,2
030302-20160627133734Ch,20160627133734Ch.jpeg,20160627,3
040102-20160604163414Mh,20160604163414Mh.jpeg,20160604,0
060403-20120829063134Lh,20120829063134Lh.jpeg,20120829,4
040401-20171115222230Lh,20171115222230Lh.jpeg,20171115,4
040201-20130306172214Mh,20130306172214Mh.jpeg,20130306,3
040401-20150830084134Lh,20150830084134Lh.jpeg,20150830,4
010103-20160320133714Th,20160320133714Th.jpeg,20160320,2
010203-20220710085152Th,20220710085152Th.jpeg,20220710,2
030403-20121108155954Bh,20121108155954Bh.jpeg,20121108,3
060102-20151228024254Uh,20151228024254Uh.jpeg,20151228,1
010101-20120206063134Lh,20120206063134Lh.jpeg,20120206,2
050202-20140128174554Bh,20140128174554Bh.jpeg,20140128,3
010402-20120703070814Th,20120703070814Th.jpeg,20120703,0
060403-20130601063154Uh,20130601063154Uh.jpeg,20130601,2
010101-20211016145050Bh,20211016145050Bh.jpeg,20211016,4
020403-20150610082014Th,20150610082014Th.jpeg,20150610,2
050302-20181102104630Ch,20181102104630Ch.jpeg,20181102,2
020101-20110526122534Ch,20110526122534Ch.jpeg,20110526,2
010401-20111011112054Uh,20111011112054Uh.jpeg,20111011,1
030101-20151013144654Bh,20151013144654Bh.jpeg,20151013,2
020101-20121022145554Bh,20121022145554Bh.jpeg,20121022,2
020403-20130923060834Lh,20130923060834Lh.jpeg,20130923,1
030101-20140323020654Uh,20140323020654Uh.jpeg,20140323,1
030302-20110325171014Mh,20110325171014Mh.jpeg,20110325,4
040301-20140904195814Mh,20140904195814Mh.jpeg,20140904,2
010402-20120205172414Mh,20120205172414Mh.jpeg,20120205,3
040301-20190701123830Ch,20190701123830Ch.jpeg,20190701,1
020403-20121114172254Bh,20121114172254Bh.jpeg,20121114,4
060403-20120114063154Uh,20120114063154Uh.jpeg,20120114,2
030403-20180506140230Ch,20180506140230Ch.jpeg,20180506,3
040102-20160302133734Ch,20160302133734Ch.jpeg,20160302,2
010403-20121009165914Mh,20121009165914Mh.jpeg,20121009,0
060102-20170809164910Mh,20170809164910Mh.jpeg,20170809,3
010101-20160714235434Lh,20160714235434Lh.jpeg,20160714,4
010101-20200116073250Uh,20200116073250Uh.jpeg,20200116,1
020401-20160402025254Uh,20160402025254Uh.jpeg,20160402,1
010203-20170222133710Th,20170222133710Th.jpeg,20170222,1
030302-20150718082014Th,20150718082014Th.jpeg,20150718,0
020403-20220122085210Th,20220122085210Th.jpeg,20220122,3
030302-20140725195814Mh,20140725195814Mh.jpeg,20140725,0
010101-20110114105034Ch,20110114105034Ch.jpeg,20110114,2
050103-20180202130330Ch,20180202130330Ch.jpeg,20180202,2
030302-20110603163414Mh,20110603163414Mh.jpeg,20110603,0
010101-20160401170314Mh,20160401170314Mh.jpeg,20160401,2
030401-20151224133734Ch,20151224133734Ch.jpeg,20151224,3
030302-20170417232530Lh,20170417232530Lh.jpeg,20170417,2
050102-20120110155754Bh,20120110155754Bh.jpeg,20120110,4
040301-20140817195834Ch,20140817195834Ch.jpeg,20140817,4
030101-20150203084714Th,20150203084714Th.jpeg,20150203,1
010403-20111215063134Lh,20111215063134Lh.jpeg,20111215,2
060102-20160724135554Bh,20160724135554Bh.jpeg,20160724,2
010201-20150819082014Th,20150819082014Th.jpeg,20150819,4
050102-20170728150230Ch,20170728150230Ch.jpeg,20170728,3
030101-20110317082654Uh,20110317082654Uh.jpeg,20110317,2
050202-20161229133734Ch,20161229133734Ch.jpeg,20161229,3
010201-20141016022554Uh,20141016022554Uh.jpeg,20141016,0
040401-20120803164614Mh,20120803164614Mh.jpeg,20120803,4
040102-20110525063154Uh,20110525063154Uh.jpeg,20110525,3
020101-20131204192154Bh,20131204192154Bh.jpeg,20131204,4
030101-20121118092514Th,20121118092514Th.jpeg,20121118,1
040201-20140821195834Ch,20140821195834Ch.jpeg,20140821,2
050202-20160720133734Ch,20160720133734Ch.jpeg,20160720,3
040102-20140607195854Bh,20140607195854Bh.jpeg,20140607,4
010401-20141106195854Bh,20141106195854Bh.jpeg,20141106,3
010102-20150531082034Lh,20150531082034Lh.jpeg,20150531,3
050202-20120730135454Bh,20120730135454Bh.jpeg,20120730,2
010402-20110128174814Mh,20110128174814Mh.jpeg,20110128,4
060403-20131028190734Ch,20131028190734Ch.jpeg,20131028,3
010102-20161129022454Uh,20161129022454Uh.jpeg,20161129,2
040401-20150916055454Uh,20150916055454Uh.jpeg,20150916,2
010203-20170327143550Bh,20170327143550Bh.jpeg,20170327,2
010402-20120424072414Th,20120424072414Th.jpeg,20120424,4
030302-20120227161654Bh,20120227161654Bh.jpeg,20120227,2
020401-20171007133710Th,20171007133710Th.jpeg,20171007,0
030302-20120306063154Uh,20120306063154Uh.jpeg,20120306,3
060102-20130222082914Th,20130222082914Th.jpeg,20130222,1
050202-20160928143554Bh,20160928143554Bh.jpeg,20160928,4
010101-20140321195814Mh,20140321195814Mh.jpeg,20140321,2
020101-20170722235230Lh,20170722235230Lh.jpeg,20170722,0
030403-20210810121630Ch,20210810121630Ch.jpeg,20210810,0
030302-20140523195814Mh,20140523195814Mh.jpeg,20140523,2
030302-20141025031154Uh,20141025031154Uh.jpeg,20141025,1
020101-20130609123334Ch,20130609123334Ch.jpeg,20130609,3
010202-20121006063534Lh,20121006063534Lh.jpeg,20121006,2
050202-20170322015550Uh,20170322015550Uh.jpeg,20170322,4
060403-20181014105830Ch,20181014105830Ch.jpeg,20181014,0
040401-20180714000010Mh,20180714000010Mh.jpeg,20180714,0
050101-20110322005814Mh,20110322005814Mh.jpeg,20110322,3
010102-20151122172614Mh,20151122172614Mh.jpeg,20151122,3
050102-20170609133710Th,20170609133710Th.jpeg,20170609,1
050103-20111116063134Lh,20111116063134Lh.jpeg,20111116,1
040401-20111025080614Th,20111025080614Th.jpeg,20111025,3
040301-20140701195814Mh,20140701195814Mh.jpeg,20140701,4
040102-20120427162614Mh,20120427162614Mh.jpeg,20120427,2
050103-20220328143550Bh,20220328143550Bh.jpeg,20220328,2
050101-20150113105034Ch,20150113105034Ch.jpeg,20150113,3
010203-20150716162114Mh,20150716162114Mh.jpeg,20150716,1
060403-20130411115134Ch,20130411115134Ch.jpeg,20130411,0
040102-20130326063134Lh,20130326063134Lh.jpeg,20130326,4
060102-20170217165250Bh,20170217165250Bh.jpeg,20170217,3
020401-20120223063154Uh,20120223063154Uh.jpeg,20120223,2
010101-20160226173214Mh,20160226173214Mh.jpeg,20160226,0
010403-20210817165030Mh,20210817165030Mh.jpeg,20210817,4
050103-20110517164514Mh,20110517164514Mh.jpeg,20110517,2
060403-20131207084214Th,20131207084214Th.jpeg,20131207,2
010301-20190609123330Ch,20190609123330Ch.jpeg,20190609,0
020403-20160628152654Bh,20160628152654Bh.jpeg,20160628,2
030302-20140712195854Bh,20140712195854Bh.jpeg,20140712,0
040301-20110711071214Th,20110711071214Th.jpeg,20110711,4
030101-20130805135854Bh,20130805135854Bh.jpeg,20130805,0
040401-20140116180214Mh,20140116180214Mh.jpeg,20140116,1
040301-20120901114934Ch,20120901114934Ch.jpeg,20120901,1
020401-20110707074514Th,20110707074514Th.jpeg,20110707,1
030101-20160516012454Uh,20160516012454Uh.jpeg,20160516,3
010402-20130813060834Lh,20130813060834Lh.jpeg,20130813,4
020403-20141105195814Mh,20141105195814Mh.jpeg,20141105,4
050202-20120523163014Mh,20120523163014Mh.jpeg,20120523,4
050101-20111114082314Th,20111114082314Th.jpeg,20111114,3
060403-20120814140454Bh,20120814140454Bh.jpeg,20120814,2
010402-20140406195854Bh,20140406195854Bh.jpeg,20140406,4
050103-20170827165310Mh,20170827165310Mh.jpeg,20170827,4
040102-20110511063154Uh,20110511063154Uh.jpeg,20110511,3
020401-20140806195834Ch,20140806195834Ch.jpeg,20140806,1
050101-20111218085014Th,20111218085014Th.jpeg,20111218,3
040201-20190704123830Ch,20190704123830Ch.jpeg,20190704,0
040302-20220104043050Uh,20220104043050Uh.jpeg,20220104,4
030302-20141009023454Uh,20141009023454Uh.jpeg,20141009,0
020101-20140430071914Th,20140430071914Th.jpeg,20140430,3
040301-20150222112034Ch,20150222112034Ch.jpeg,20150222,1
030401-20140401014754Uh,20140401014754Uh.jpeg,20140401,0
060102-20180924112030Ch,20180924112030Ch.jpeg,20180924,3
020401-20170417014150Uh,20170417014150Uh.jpeg,20170417,2
050102-20120811121434Ch,20120811121434Ch.jpeg,20120811,4
050302-20110211084114Th,20110211084114Th.jpeg,20110211,1
040201-20210728164530Mh,20210728164530Mh.jpeg,20210728,2
060102-20161023133814Th,20161023133814Th.jpeg,20161023,3
040102-20161002225034Lh,20161002225034Lh.jpeg,20161002,1
040401-20131019080114Th,20131019080114Th.jpeg,20131019,2
020101-20130303063134Lh,20130303063134Lh.jpeg,20130303,0
040401-20180712123630Ch,20180712123630Ch.jpeg,20180712,1
030101-20150919165814Mh,20150919165814Mh.jpeg,20150919,1
020101-20220718185352Mh,20220718185352Mh.jpeg,20220718,1
010202-20140918195854Bh,20140918195854Bh.jpeg,20140918,4
040401-20151128133714Th,20151128133714Th.jpeg,20151128,0
040201-20130116172814Mh,20130116172814Mh.jpeg,20130116,0
040201-20130611063154Uh,20130611063154Uh.jpeg,20130611,3
010101-20190602025430Lh,20190602025430Lh.jpeg,20190602,1
030302-20131030185354Bh,20131030185354Bh.jpeg,20131030,2
040102-20171123133730Ch,20171123133730Ch.jpeg,20171123,2
010403-20130221063134Lh,20130221063134Lh.jpeg,20130221,0
060403-20211222120130Ch,20211222120130Ch.jpeg,20211222,2
010102-20140127180134Ch,20140127180134Ch.jpeg,20140127,4
040301-20170612135150Bh,20170612135150Bh.jpeg,20170612,0
050101-20110502063154Uh,20110502063154Uh.jpeg,20110502,1
030101-20161116133714Th,20161116133714Th.jpeg,20161116,0
030101-20120313063154Uh,20120313063154Uh.jpeg,20120313,4
040102-20140312025454Uh,20140312025454Uh.jpeg,20140312,1
030302-20121026063134Lh,20121026063134Lh.jpeg,20121026,0
020101-20110521063134Lh,20110521063134Lh.jpeg,20110521,0
020101-20161109171714Mh,20161109171714Mh.jpeg,20161109,0
020101-20200619123010Th,20200619123010Th.jpeg,20200619,3
020401-20111018063134Lh,20111018063134Lh.jpeg,20111018,0
030302-20161210133714Th,20161210133714Th.jpeg,20161210,4
010101-20180318020350Uh,20180318020350Uh.jpeg,20180318,1
030101-20160831133714Th,20160831133714Th.jpeg,20160831,1
050202-20160430133734Ch,20160430133734Ch.jpeg,20160430,1
040301-20111208063134Lh,20111208063134Lh.jpeg,20111208,3
050303-20151105133734Ch,20151105133734Ch.jpeg,20151105,0
040102-20130921060834Lh,20130921060834Lh.jpeg,20130921,4
020403-20120331142954Bh,20120331142954Bh.jpeg,20120331,0
030302-20120712123634Ch,20120712123634Ch.jpeg,20120712,4
040301-20120430063154Uh,20120430063154Uh.jpeg,20120430,2
040301-20130109130334Ch,20130109130334Ch.jpeg,20130109,2
020401-20120814163114Mh,20120814163114Mh.jpeg,20120814,2
010403-20150427162314Mh,20150427162314Mh.jpeg,20150427,1
020403-20180318232230Lh,20180318232230Lh.jpeg,20180318,1
010402-20141016195834Ch,20141016195834Ch.jpeg,20141016,0
010403-20121129063154Uh,20121129063154Uh.jpeg,20121129,3
030101-20110109104734Ch,20110109104734Ch.jpeg,20110109,1
040301-20111206102934Ch,20111206102934Ch.jpeg,20111206,4
040401-20110509121334Ch,20110509121334Ch.jpeg,20110509,4
060403-20160530234734Lh,20160530234734Lh.jpeg,20160530,4
010401-20120131063154Uh,20120131063154Uh.jpeg,20120131,1
010401-20171029150150Bh,20171029150150Bh.jpeg,20171029,0
020401-20160501143154Bh,20160501143154Bh.jpeg,20160501,0
050101-20121027165114Mh,20121027165114Mh.jpeg,20121027,2
040201-20130404063134Lh,20130404063134Lh.jpeg,20130404,0
050102-20130630070714Th,20130630070714Th.jpeg,20130630,2
020101-20130405114734Ch,20130405114734Ch.jpeg,20130405,3
050101-20150421140454Bh,20150421140454Bh.jpeg,20150421,3
010203-20180804234530Lh,20180804234530Lh.jpeg,20180804,3
050102-20171123222130Lh,20171123222130Lh.jpeg,20171123,2
010102-20111027145954Bh,20111027145954Bh.jpeg,20111027,2
060403-20120509163414Mh,20120509163414Mh.jpeg,20120509,1
030302-20120424120134Ch,20120424120134Ch.jpeg,20120424,4
030302-20170323041730Lh,20170323041730Lh.jpeg,20170323,3
060403-20130628063134Lh,20130628063134Lh.jpeg,20130628,1
010202-20140615195854Bh,20140615195854Bh.jpeg,20140615,2
030302-20110530122834Ch,20110530122834Ch.jpeg,20110530,0
040401-20110312082634Lh,20110312082634Lh.jpeg,20110312,4
010202-20141012015654Uh,20141012015654Uh.jpeg,20141012,1
060102-20151019223534Lh,20151019223534Lh.jpeg,20151019,1
010103-20210222222850Bh,20210222222850Bh.jpeg,20210222,0
060403-20130212153254Bh,20130212153254Bh.jpeg,20130212,0
010401-20120723095014Th,20120723095014Th.jpeg,20120723,0
020101-20150630083214Th,20150630083214Th.jpeg,20150630,3
010203-20161231133734Ch,20161231133734Ch.jpeg,20161231,4
040401-20150324145954Bh,20150324145954Bh.jpeg,20150324,4
050101-20170117175014Mh,20170117175014Mh.jpeg,20170117,2
040301-20140213024554Uh,20140213024554Uh.jpeg,20140213,0
050102-20150731082034Lh,20150731082034Lh.jpeg,20150731,4
050102-20110826074214Th,20110826074214Th.jpeg,20110826,3
040301-20120217063154Uh,20120217063154Uh.jpeg,20120217,4
030101-20150615133554Bh,20150615133554Bh.jpeg,20150615,0
060102-20160809164914Mh,20160809164914Mh.jpeg,20160809,3
010202-20220617185352Mh,20220617185352Mh.jpeg,20220617,0
030101-20160726135354Bh,20160726135354Bh.jpeg,20160726,1
010402-20121113103634Ch,20121113103634Ch.jpeg,20121113,1
010202-20140225163314Th,20140225163314Th.jpeg,20140225,3
030101-20110617063134Lh,20110617063134Lh.jpeg,20110617,1
010403-20110301082654Uh,20110301082654Uh.jpeg,20110301,1
040401-20110119082634Lh,20110119082634Lh.jpeg,20110119,1
060102-20150323172814Mh,20150323172814Mh.jpeg,20150323,2
010101-20150112081954Uh,20150112081954Uh.jpeg,20150112,1
010203-20210621133650Bh,20210621133650Bh.jpeg,20210621,0
040401-20170310173450Bh,20170310173450Bh.jpeg,20170310,0
010201-20110724164614Mh,20110724164614Mh.jpeg,20110724,1
060403-20160925165814Mh,20160925165814Mh.jpeg,20160925,3
010101-20181023232430Lh,20181023232430Lh.jpeg,20181023,4
050101-20131225065154Uh,20131225065154Uh.jpeg,20131225,0
050103-20110727063234Lh,20110727063234Lh.jpeg,20110727,3
040102-20171011224130Lh,20171011224130Lh.jpeg,20171011,4
010203-20130810121534Ch,20130810121534Ch.jpeg,20130810,1
010102-20131017185334Ch,20131017185334Ch.jpeg,20131017,3
040301-20130502063134Lh,20130502063134Lh.jpeg,20130502,1
030302-20131109190514Mh,20131109190514Mh.jpeg,20131109,2
050101-20120720085114Th,20120720085114Th.jpeg,20120720,2
010403-20150221155154Bh,20150221155154Bh.jpeg,20150221,3
030101-20160103133734Ch,20160103133734Ch.jpeg,20160103,4
060403-20121030150354Bh,20121030150354Bh.jpeg,20121030,4
060403-20110221173814Mh,20110221173814Mh.jpeg,20110221,2
040302-20210331231510Mh,20210331231510Mh.jpeg,20210331,2
040301-20140609195854Bh,20140609195854Bh.jpeg,20140609,0
040102-20200806053830Lh,20200806053830Lh.jpeg,20200806,0
040201-20120725122934Ch,20120725122934Ch.jpeg,20120725,0
040201-20130716162214Mh,20130716162214Mh.jpeg,20130716,0
030302-20160510163914Mh,20160510163914Mh.jpeg,20160510,4
010101-20141129222134Lh,20141129222134Lh.jpeg,20141129,0
040401-20151219133734Ch,20151219133734Ch.jpeg,20151219,4
020101-20120330063154Uh,20120330063154Uh.jpeg,20120330,1
040102-20161223133734Ch,20161223133734Ch.jpeg,20161223,1
010403-20171007133730Ch,20171007133730Ch.jpeg,20171007,0
050202-20160326143654Bh,20160326143654Bh.jpeg,20160326,1
040301-20120218173614Mh,20120218173614Mh.jpeg,20120218,4
040102-20120116063254Uh,20120116063254Uh.jpeg,20120116,1
010403-20160215133734Ch,20160215133734Ch.jpeg,20160215,4
050103-20140710083214Th,20140710083214Th.jpeg,20140710,1
040301-20120223152054Bh,20120223152054Bh.jpeg,20120223,2
020101-20110406082634Lh,20110406082634Lh.jpeg,20110406,1
050103-20180801232450Bh,20180801232450Bh.jpeg,20180801,4
010402-20111222063154Uh,20111222063154Uh.jpeg,20111222,4
030302-20120928063134Lh,20120928063134Lh.jpeg,20120928,3
040201-20171114133730Ch,20171114133730Ch.jpeg,20171114,3
040401-20140709195814Mh,20140709195814Mh.jpeg,20140709,2
020403-20171025223130Lh,20171025223130Lh.jpeg,20171025,2
050102-20141216222634Lh,20141216222634Lh.jpeg,20141216,2
020401-20110324082614Th,20110324082614Th.jpeg,20110324,0
060403-20130327175114Mh,20130327175114Mh.jpeg,20130327,4
040401-20160327170714Mh,20160327170714Mh.jpeg,20160327,4
050202-20150926111934Ch,20150926111934Ch.jpeg,20150926,0
040301-20130211063134Lh,20130211063134Lh.jpeg,20130211,4
010203-20130208063154Uh,20130208063154Uh.jpeg,20130208,1
010101-20120215153654Bh,20120215153654Bh.jpeg,20120215,0
010102-20141027224834Lh,20141027224834Lh.jpeg,20141027,3
010102-20171027223030Lh,20171027223030Lh.jpeg,20171027,3
010103-20140509195814Mh,20140509195814Mh.jpeg,20140509,0
060102-20190322144450Bh,20190322144450Bh.jpeg,20190322,3
040102-20131201192134Ch,20131201192134Ch.jpeg,20131201,0
010102-20110203082634Lh,20110203082634Lh.jpeg,20110203,3
050101-20140210180154Bh,20140210180154Bh.jpeg,20140210,2
060403-20141026024454Uh,20141026024454Uh.jpeg,20141026,0
030101-20140816072814Th,20140816072814Th.jpeg,20140816,0
010402-20120610175114Mh,20120610175114Mh.jpeg,20120610,2
040301-20130304170614Mh,20130304170614Mh.jpeg,20130304,2
010301-20110213093414Th,20110213093414Th.jpeg,20110213,4
060403-20160804133734Ch,20160804133734Ch.jpeg,20160804,0
040102-20161217133734Ch,20161217133734Ch.jpeg,20161217,3
060403-20150417082314Th,20150417082314Th.jpeg,20150417,4
060403-20150527082014Th,20150527082014Th.jpeg,20150527,3
020401-20110815140454Bh,20110815140454Bh.jpeg,20110815,4
010203-20140531195834Ch,20140531195834Ch.jpeg,20140531,4
030101-20190925165810Mh,20190925165810Mh.jpeg,20190925,3
030101-20170427154550Bh,20170427154550Bh.jpeg,20170427,4
030302-20131113185414Mh,20131113185414Mh.jpeg,20131113,0
020403-20120403164114Mh,20120403164114Mh.jpeg,20120403,0
050202-20140803234534Lh,20140803234534Lh.jpeg,20140803,4
020401-20110616133454Bh,20110616133454Bh.jpeg,20110616,2
040201-20140903073614Th,20140903073614Th.jpeg,20140903,0
050102-20131229112414Th,20131229112414Th.jpeg,20131229,4
030101-20130201084914Th,20130201084914Th.jpeg,20130201,3
030101-20120323144054Bh,20120323144054Bh.jpeg,20120323,1
010102-20131016185334Ch,20131016185334Ch.jpeg,20131016,4
010101-20140604195854Bh,20140604195854Bh.jpeg,20140604,2
010203-20170106133714Th,20170106133714Th.jpeg,20170106,4
030401-20111214132434Ch,20111214132434Ch.jpeg,20111214,0
040401-20210616142650Bh,20210616142650Bh.jpeg,20210616,4
010301-20160401133734Ch,20160401133734Ch.jpeg,20160401,2
040401-20151107133734Ch,20151107133734Ch.jpeg,20151107,3
010401-20120104063134Lh,20120104063134Lh.jpeg,20120104,0
060403-20140705035754Uh,20140705035754Uh.jpeg,20140705,3
010203-20130919060834Lh,20130919060834Lh.jpeg,20130919,3
020403-20110510063134Lh,20110510063134Lh.jpeg,20110510,1
050103-20171115170950Bh,20171115170950Bh.jpeg,20171115,4
030101-20130510134654Bh,20130510134654Bh.jpeg,20130510,3
040201-20210620163530Mh,20210620163530Mh.jpeg,20210620,1
010402-20220418020950Uh,20220418020950Uh.jpeg,20220418,1
010401-20111229063154Uh,20111229063154Uh.jpeg,20111229,2
050103-20121007131134Ch,20121007131134Ch.jpeg,20121007,3
030101-20110923112234Ch,20110923112234Ch.jpeg,20110923,1
050101-20150216171714Mh,20150216171714Mh.jpeg,20150216,4
010203-20140409081614Th,20140409081614Th.jpeg,20140409,2
010101-20120603123034Ch,20120603123034Ch.jpeg,20120603,3
030302-20140726071814Th,20140726071814Th.jpeg,20140726,2
010402-20121218063534Lh,20121218063534Lh.jpeg,20121218,0
040301-20170122034654Uh,20170122034654Uh.jpeg,20170122,0
020401-20171106171510Mh,20171106171510Mh.jpeg,20171106,0
020201-20110520063154Uh,20110520063154Uh.jpeg,20110520,1
010102-20150518145654Bh,20150518145654Bh.jpeg,20150518,1
030403-20111115063134Lh,20111115063134Lh.jpeg,20111115,2
020101-20140525070514Th,20140525070514Th.jpeg,20140525,3
030101-20141013195854Bh,20141013195854Bh.jpeg,20141013,3
040301-20130913142354Bh,20130913142354Bh.jpeg,20130913,2
030302-20161108021454Uh,20161108021454Uh.jpeg,20161108,1
030403-20170423014350Uh,20170423014350Uh.jpeg,20170423,1
010301-20140605195854Bh,20140605195854Bh.jpeg,20140605,1
030101-20171005133730Ch,20171005133730Ch.jpeg,20171005,1
040401-20150629161614Mh,20150629161614Mh.jpeg,20150629,4
010402-20150228082414Th,20150228082414Th.jpeg,20150228,1
010103-20160526011254Uh,20160526011254Uh.jpeg,20160526,3
040102-20171109023950Uh,20171109023950Uh.jpeg,20171109,4
040102-20140603070414Th,20140603070414Th.jpeg,20140603,3
040401-20121021145454Bh,20121021145454Bh.jpeg,20121021,0
030101-20160127225034Lh,20160127225034Lh.jpeg,20160127,0
040201-20160215175514Mh,20160215175514Mh.jpeg,20160215,4
030302-20110421164914Mh,20110421164914Mh.jpeg,20110421,4
060403-20140814195854Bh,20140814195854Bh.jpeg,20140814,1
020403-20131206084114Th,20131206084114Th.jpeg,20131206,3
050302-20120113104834Ch,20120113104834Ch.jpeg,20120113,3
020403-20130110104734Ch,20130110104734Ch.jpeg,20130110,0
